,Win1,Win2,Win3,Win4,Win5,Win6,Win7,Win8,Win9
Split 1,
Split 2,66.34000852151682,
Split 3,59.56540264167022,59.56540264167022,
Split 4,55.688112484022156,55.688112484022156,55.688112484022156,
Split 5,52.36472092032381,52.36472092032381,52.36472092032381,52.36472092032381,
Split 6,52.322113336173835,52.322113336173835,52.322113336173835,52.322113336173835,52.322113336173835,
Split 7,50.149126544524925,50.149126544524925,50.149126544524925,50.149126544524925,50.149126544524925,50.149126544524925,
Split 8,48.4022155943758,48.4022155943758,48.4022155943758,48.4022155943758,48.4022155943758,48.4022155943758,48.4022155943758,
