,Win1,Win2,Win3,Win4,Win5,Win6,Win7,Win8,Win9
Split 1,
Split 2,68.89646357051555,
Split 3,65.48785683851726,65.48785683851726,
Split 4,62.760971452918625,62.760971452918625,62.760971452918625,
Split 5,60.84363016616958,60.84363016616958,60.84363016616958,60.84363016616958,
Split 6,60.545377077119724,60.545377077119724,60.545377077119724,60.545377077119724,60.545377077119724,
Split 7,57.988922028121,57.988922028121,57.988922028121,57.988922028121,57.988922028121,57.988922028121,
Split 8,57.946314443971026,57.946314443971026,57.946314443971026,57.946314443971026,57.946314443971026,57.946314443971026,57.946314443971026,
