,Win1,Win2,Win3,Win4,Win5,Win6,Win7,Win8,Win9
Split 1,
Split 2,72.2198551342139,
Split 3,69.83383042181508,69.83383042181508,
Split 4,69.36514699616532,69.36514699616532,69.36514699616532,
Split 5,69.10950149126545,69.10950149126545,69.10950149126545,69.10950149126545,
Split 6,70.4303365999148,70.4303365999148,70.4303365999148,70.4303365999148,70.4303365999148,
Split 7,70.51555176821475,70.51555176821475,70.51555176821475,70.51555176821475,70.51555176821475,70.51555176821475,
Split 8,70.55815935236473,70.55815935236473,70.55815935236473,70.55815935236473,70.55815935236473,70.55815935236473,70.55815935236473,
