,Win1,Win2,Win3,Win4,Win5,Win6,Win7,Win8,Win9
Split 1,
Split 2,68.9816787388155,
Split 3,67.14955262036642,67.14955262036642,
Split 4,65.95654026416702,65.95654026416702,65.95654026416702,
Split 5,65.65828717511717,65.65828717511717,65.65828717511717,65.65828717511717,
Split 6,56.15679590967192,56.15679590967192,56.15679590967192,56.15679590967192,56.15679590967192,
Split 7,56.36983383042181,56.36983383042181,56.36983383042181,56.36983383042181,56.36983383042181,56.36983383042181,
Split 8,55.773327652322116,55.773327652322116,55.773327652322116,55.773327652322116,55.773327652322116,55.773327652322116,55.773327652322116,
