,Win1,Win2,Win3,Win4,Win5,Win6,Win7,Win8,Win9
Split 1,
Split 2,73.1998295696634,
Split 3,74.73370259906264,74.73370259906264,
Split 4,78.65360034086068,78.65360034086068,78.65360034086068,
Split 5,78.014486578611,78.014486578611,78.014486578611,78.014486578611,
Split 6,69.83383042181508,69.83383042181508,69.83383042181508,69.83383042181508,69.83383042181508,
Split 7,73.41286749041329,73.41286749041329,73.41286749041329,73.41286749041329,73.41286749041329,73.41286749041329,
Split 8,74.69109501491266,74.69109501491266,74.69109501491266,74.69109501491266,74.69109501491266,74.69109501491266,74.69109501491266,
