,Win1,Win2,Win3,Win4,Win5,Win6,Win7,Win8,Win9
Split 1,
Split 2,71.96420962931401,
Split 3,72.73114614401364,72.73114614401364,
Split 4,73.24243715381338,73.24243715381338,73.24243715381338,
Split 5,73.45547507456327,73.45547507456327,73.45547507456327,73.45547507456327,
Split 6,64.97656582871751,64.97656582871751,64.97656582871751,64.97656582871751,64.97656582871751,
Split 7,65.44524925436728,65.44524925436728,65.44524925436728,65.44524925436728,65.44524925436728,65.44524925436728,
Split 8,66.51043885811674,66.51043885811674,66.51043885811674,66.51043885811674,66.51043885811674,66.51043885811674,66.51043885811674,
