,Win1,Win2,Win3,Win4,Win5,Win6,Win7,Win8,Win9
Split 1,
Split 2,74.47805709416276,
Split 3,74.86152535151257,74.86152535151257,
Split 4,79.33532168726033,79.33532168726033,79.33532168726033,
Split 5,78.65360034086068,78.65360034086068,78.65360034086068,78.65360034086068,
Split 6,70.64337452066468,70.64337452066468,70.64337452066468,70.64337452066468,70.64337452066468,
Split 7,74.6058798466127,74.6058798466127,74.6058798466127,74.6058798466127,74.6058798466127,74.6058798466127,
Split 8,76.35279079676182,76.35279079676182,76.35279079676182,76.35279079676182,76.35279079676182,76.35279079676182,76.35279079676182,
