,Win1,Win2,Win3,Win4,Win5,Win6,Win7,Win8,Win9
Split 1,
Split 2,69.70600766936515,
Split 3,58.287175117170854,58.287175117170854,
Split 4,58.54282062207072,58.54282062207072,58.54282062207072,
Split 5,56.41244141457179,56.41244141457179,56.41244141457179,56.41244141457179,
Split 6,47.03877290157648,47.03877290157648,47.03877290157648,47.03877290157648,47.03877290157648,
Split 7,47.25181082232638,47.25181082232638,47.25181082232638,47.25181082232638,47.25181082232638,47.25181082232638,
Split 8,45.121431614827436,45.121431614827436,45.121431614827436,45.121431614827436,45.121431614827436,45.121431614827436,45.121431614827436,
