,Win1,Win2,Win3,Win4,Win5,Win6,Win7,Win8,Win9
Split 1,
Split 2,68.8112484022156,
Split 3,55.64550489987218,55.64550489987218,
Split 4,54.53770771197273,54.53770771197273,54.53770771197273,
Split 5,51.171708564124415,51.171708564124415,51.171708564124415,51.171708564124415,
Split 6,44.311887515977844,44.311887515977844,44.311887515977844,44.311887515977844,44.311887515977844,
Split 7,43.71538133787814,43.71538133787814,43.71538133787814,43.71538133787814,43.71538133787814,43.71538133787814,
Split 8,40.818065615679586,40.818065615679586,40.818065615679586,40.818065615679586,40.818065615679586,40.818065615679586,40.818065615679586,
