,Win1,Win2,Win3,Win4,Win5,Win6,Win7,Win8,Win9
Split 1,
Split 2,71.1972731146144,
Split 3,69.15210907541542,69.15210907541542,
Split 4,68.42778014486579,68.42778014486579,68.42778014486579,
Split 5,68.12952705581593,68.12952705581593,68.12952705581593,68.12952705581593,
Split 6,67.83127396676608,67.83127396676608,67.83127396676608,67.83127396676608,67.83127396676608,
Split 7,67.27737537281637,67.27737537281637,67.27737537281637,67.27737537281637,67.27737537281637,67.27737537281637,
Split 8,67.27737537281637,67.27737537281637,67.27737537281637,67.27737537281637,67.27737537281637,67.27737537281637,67.27737537281637,
